"Id","ParentTagId","Name","Slug","FullPath","Description","DatasetCount","CompetitionCount","KernelCount"
"1115","12116","websites","web-sites","subject > science and technology > internet > websites","Websites, like this one, are collections of content that can be found under a specific address. These datasets include information on individual websites or collections of websites.","279","0","222"
"1219","12000","research","research","subject > science and technology > research","Research is our endeavor to systematically increase our knowledge about the world. Whether it's undertaken by greats like Einstein or underpaid graduate students, you'll find the fruits of their labor in this tag plus the kernels that make their work reproducible.","516","7","282"
"1220","12116","search engines","search-engines","subject > science and technology > internet > search engines","","79","0","75"
"1222","11105","universities and colleges","universities-and-colleges","subject > people and society > education > universities and colleges","This tag contains all kinds of information about which colleges are good and how much money people make after attending classes there.","4413","0","414"
"2100","16637","culture and humanities","culture-and-humanities","subject > culture and humanities","What is it to be human? What activities and patterns of behavior define us and our societies? This tag will help you tackle these questions.","244","0","70"
"2107","2100","languages","languages","subject > culture and humanities > languages","Language is a method of communication that consists of using words arranged into meaningful patterns. This is a good place to find natural language processing datasets and kernels to study languages and train your chat bots.","595","4","272"
"2112","2100","popular culture","popular-culture","subject > culture and humanities > popular culture","Popular culture datasets and kernels are associated with topics like TV shows, movies, music, and video games. The greatest screenwriters come here to train their AI to write movie scripts.","296","0","69"
"2115","16113","alcohol","alcohol","subject > health and fitness > food > alcohol","Here's to alcohol: the cause of, and solution to, all of life's problems. -- Homer J. Simpson","1356","0","12798"
"2200","16637","arts and entertainment","arts-and-entertainment","subject > arts and entertainment","Activities that holds the attention and interest of an audience, or gives pleasure and delight. It can be an idea or a task, but is more likely to be one of the activities or events that have developed over thousands of years specifically for the purpose of keeping an audience's attention.","26322","0","22824"
"2202","2200","celebrities","celebrity","subject > arts and entertainment > celebrities","Celebrity is the fame and public attention we give to superstars of popular culture like the Kardashian family and Jeff Dean.","392","0","39"
"2206","2200","literature","literature","subject > arts and entertainment > literature","This tag is your digital library for varius copora such as Southern Literature, Paranormal Romance novels, and Urban Dictionary spelling variations.","2139","5","452"
"2207","2200","museums","museums","subject > arts and entertainment > museums","Fun place to hang on a Saturday afternoon and think deep thoughts about deep things. Find datasets and kernels related to various museum collections here.","100","0","7"
"2302","2200","dance","dance","subject > arts and entertainment > dance","","141","0","8"
"2303","2200","movies and tv shows","film","subject > arts and entertainment > movies and tv shows","Grab a bucket of popcorn and come analyze these movie ratings. The world must know which blockbuster film is the blockbuster film of all time!","8019","3","2001"
"2304","2200","music","music","subject > arts and entertainment > music","With all the music data out there, it's hard to believe someone hasn't trained robots to perform on stage yet. Or have they?","6506","0","16769"
"2400","2200","art","visual-arts","subject > arts and entertainment > art","","1554","1","10810"
"2500","2100","games","games-and-toys","subject > culture and humanities > games","One of the hallmarks of intelligence is the use of games and toys to occupy free time and develop intellectually. Often stored in Mom's basement.","4203","1","34760"
"2501","2500","board games","board-games","subject > culture and humanities > games > board games","A board game is a tabletop game that involves counters or pieces moved or placed on a pre-marked surface or ""board"", according to a set of rules.","202","2","96"
"2502","2500","card games","card-games","subject > culture and humanities > games > card games","A card game is any game using playing cards as the primary device with which the game is played, be they traditional or game-specific. Countless card games exist, including families of related games (such as poker).","132","1","29"
"2505","2500","puzzles","puzzles","subject > culture and humanities > games > puzzles","A puzzle is a game, problem, or toy that tests a person's ingenuity or knowledge. In a puzzle, the solver is expected to put pieces together in a logical way, in order to arrive at the correct solution of the puzzle.","443","1","129"
"2507","2500","video games","video-games","subject > culture and humanities > games > video games","Video games were originally created to prevent people from going to college and getting good jobs. That back-fired and now we have data centers full of GPUs training models to tell the difference between cats and dogs. All thanks to gamers.","3462","7","3890"
"2603","4141","football","association-football","subject > health and fitness > exercise > sports > football","Some call it association football, some call it soccer, most call it sport ball. Come analyze the teams and players of the beautiful game.","2193","9","874"
"2604","4141","auto racing","auto-racing","subject > health and fitness > exercise > sports > auto racing","","329","0","123"
"2605","4141","baseball","baseball","subject > health and fitness > exercise > sports > baseball","Baseball is a bat-and-ball game played between two teams of nine players each who take turns batting and fielding.","845","1","754"
"2606","4141","basketball","basketball","subject > health and fitness > exercise > sports > basketball","Basketball is one of the world's most popular and widely viewed sports. Analyze Kobe Bryant's shot selections and peruse our annual March Mania competitions.","1138","19","633"
"2610","4141","cricket","cricket","subject > health and fitness > exercise > sports > cricket","Cricket is a sport, but I don't see any reason why there shouldn't be a dataset about crickets here, too.","1234","0","329"
"2614","4141","golf","golf","subject > health and fitness > exercise > sports > golf","Golf is a club and ball sport in which players use various clubs to hit balls into a series of holes on a course in as few strokes as possible.","136","0","3338"
"2615","16194","gymnastics","gymnastics","health and fitness > self care > exercise > sports > individual sports > gymnastics","Gymnastics is a sport practiced by men and women that requires balance, strength, flexibility, agility, coordination, endurance and control.","7","0","13"
"2618","4141","hockey","ice-hockey","subject > health and fitness > exercise > sports > hockey","","272","0","43"
"2626","4141","tennis","tennis","subject > health and fitness > exercise > sports > tennis","Tennis is a racket sport that enjoys worldwide popularity among athletes, recreational players, and sports analytics junkies.","55","0","27"
"2629","4141","water sports","water-sports","subject > health and fitness > exercise > sports > water sports","","27","0","6"
"3000","","geography and places","geography-and-places","geography and places","","62","0","0"
"3003","7302","water bodies","bodies-of-water","subject > earth and nature > environment > water bodies","Lakes, oceans, rivers, streams, and infamous puddles.","97","4","81"
"3004","7302","cities and urban areas","cities","subject > earth and nature > environment > cities and urban areas","In this tag you will find datasets and kernels about various cities around the world.","495","2","139"
"3007","3000","global","countries","geography and places > global","A country is a region that is identified as a distinct national entity in political geography.","635","0","206"
"3008","7302","deserts","deserts","subject > earth and nature > environment > deserts","","4","0","3"
"3011","7302","mountains","mountains","subject > earth and nature > environment > mountains","From the Appalachians to Zwiselbacher Rosskogel, this tag has all the info you need about mountains.","24","0","2"
"3022","3200","united states","united-states","geography and places > north america > united states","The top datasets and kernels in this tag are about mass shootings, AirBnB, homelessness, and witchcraft. That about sums it up.","1250","0","426"
"3023","3600","india","india","geography and places > asia > india","This tag will take you to the wonderful land of datasets and kernels related to India. You will find topics that range far and wide. There's education, travel, weather, and crime, too.","1254","0","729"
"3024","3600","china","china","geography and places > asia > china","China, officially the People's Republic of China, is a unitary sovereign state in East Asia and the world's most populous country, with a population of around 1.404 billion.","136","0","91"
"3025","3300","brazil","brazil","geography and places > south america > brazil","You don't have to visit Brazil to learn about their politics, soccer, and brush with Zika. This tag covers all the things you might be interested in about Brazil.","480","0","213"
"3100","3000","europe","europe","geography and places > europe","You can find some European linguistic type datasets here as well as other European-like datasets and kernels.","813","0","154"
"3200","3000","north america","north-america","geography and places > north america","North America includes Canada, Mexico and the United States. If you're looking for data about any or all of these places, this is the tag you need.","189","0","31"
"3300","3000","south america","south-america","geography and places > south america","South America is a continent located in the western hemisphere, mostly in the southern hemisphere, with a relatively small portion in the northern hemisphere. It may also be considered a subcontinent of the Americas, which is how it is viewed in the Spanish-speaking regions of the Americas.","93","0","12"
"3400","3000","africa","africa","geography and places > africa","Africa is the world's second largest and second most-populous continent. At about 30.3 million km2 including adjacent islands, it covers 6% of Earth's total surface area and 20.4% of its total land area.","179","0","60"
"3500","16664","australia","australia","geography and places > oceania > australia","This tag contains information on Australia: AKA the smallest continent, the land down under, Oz, Terra Australis or Straya.","132","0","64"
"3600","3000","asia","asia","geography and places > asia","Asia is Earth's largest and most populous continent, located primarily in the Eastern and Northern Hemispheres.","487","0","104"
"3601","3600","russia","russia","geography and places > asia > russia","At 17,125,200 square kilometres, Russia is the largest country in the world by area, covering more than one-eighth of the Earth's inhabited land area, and the ninth most populous.","188","0","73"
"3700","3000","antarctica","antarctica","geography and places > antarctica","Antarctica is Earth's southernmost continent.","10","0","7"
"4000","16637","health and fitness","health-and-fitness","subject > health and fitness","","230","0","574"
"4130","4000","exercise","exercise","subject > health and fitness > exercise","Drop and give me 100 gigabytes of push-ups, print out the summary statistics 15 times, then train your model for 50 epochs!","7725","0","33843"
"4140","4130","running","running","subject > health and fitness > exercise > running","Running will get you nowhere in data science because you have to stand still to analyze data. So let the runners run and let the analysts analyze the runners. The only time a data scientist needs to run is when they're running a model.","52","0","25"
"4141","4130","sports","sports","subject > health and fitness > exercise > sports","The sports tag covers the whole spectrum of sports around the world. We've got tennis, we've got football, and we've even got kitefoil racing.","4654","23","3323"
"4171","16378","mental health","mental-health","subject > health and fitness > health > health conditions > mental health","Mental health is a level of psychological well-being, or an absence of mental illness.","600","0","196"
"4202","11111","healthcare","healthcare","subject > health and fitness > health > healthcare","AI in healthcare is a growing interest. One of the major problems is simply converting research into an application. Should be easy, right?","1153","9","1350"
"4302","16378","diseases","diseases","subject > health and fitness > health > health conditions > diseases","Datasets and kernels related to various diseases. Make sure you wear goggles and gloves before touching these datasets. Also wash your hands.","496","1","393"
"4306","11111","nutrition","nutrition","subject > health and fitness > health > nutrition","Nutrition is the science that interprets the interaction of nutrients and other substances in food in relation to maintenance, growth, reproduction, health and disease of an organism. In this tag you'll find the most nutrtitious datasets and kernels.","760","0","166"
"4309","11111","public health","public-health","subject > health and fitness > health > public health","This tag contains datasets and kernels on things that affect the general health of the public. They include foodborne illness, dengue fever, immunization records, and all the other things that mean you have to get a shot at the doctor's office.","1310","1","751"
"4406","7100","genetics","human-genetics","subject > earth and nature > biology > genetics","Human genetics encompasses a variety of overlapping fields including: classical genetics, cytogenetics, molecular genetics, biochemical genetics, genomics, population genetics, developmental genetics, clinical genetics, and genetic counseling.","225","3","173"
"4423","4202","dentistry","dentistry","subject > health and fitness > health > healthcare > dentistry","Dentistry is a branch of medicine that consists of the study, diagnosis, prevention, and treatment of diseases, disorders and conditions of the oral cavity.","320","0","54"
"6602","13200","bayesian statistics","bayesian-statistics","technique > bayesian statistics","","51","0","285"
"6603","14100","categorical","categorical-data","data type > categorical","Categorical data are observations that fall into discrete categories, like dog breed, dog color or whether or not a dog likes chew toys.","1304","0","1871"
"6613","13200","sampling","sampling","technique > sampling","","62","0","261"
"7000","16637","earth and nature","natural-and-physical-sciences","subject > earth and nature","","24169","5","265"
"7100","7000","biology","biology","subject > earth and nature > biology","Explore datasets and kernels about gene expressions, transcriptomics, and even the works of Charles Darwin.","5931","11","4518"
"7105","11111","neuroscience","neuroscience","subject > health and fitness > health > neuroscience","Neuroscience, sometimes called neurobiology, is the scientific study of the nervous system.","523","1","880"
"7200","7000","earth science","earth-sciences","subject > earth and nature > earth science","Geology, geography and oceanography. If it's on the Earth and not a plant or animal, this the tag for it.","1345","1","778"
"7201","7200","atmospheric science","atmospheric-sciences","subject > earth and nature > earth science > atmospheric science","","792","1","338"
"7202","7200","geography","geography","subject > earth and nature > earth science > geography","The geography tag contains datasets and kernels that showcase geospatial analysis and mapping.","494","2","236"
"7203","7200","geology","geology","subject > earth and nature > earth science > geology","Geology is an earth science concerned with the solid Earth, the rocks of which it is composed, and the processes by which they change over time","541","2","246"
"7301","7000","animals","animals","subject > earth and nature > animals","The animals tag is as diverse as a rainforest. Is there a correlation between animal bites and NYC rat sightings? We're not sure. But the data is here and the world needs to know.","1230","33","898"
"7302","7000","environment","environment","subject > earth and nature > environment","The environment tag is chock full of datasets and kernels that are generally showing how poorly we are treating the planet. One positive side to this tag is that it wasn't printed on paper.","844","8","422"
"7306","7000","plants","plants","subject > earth and nature > plants","Datasets don't grow on trees but you will find plant-related datasets and kernels here.","210","22","125"
"7307","7302","pollution","pollution","subject > earth and nature > environment > pollution","Pollution is the introduction of contaminants into the natural environment that cause adverse change.","235","4","157"
"7400","7000","physical science","physical-sciences","subject > earth and nature > physical science","Physical science is a branch of natural science that studies non-living systems, in contrast to life science.","57","0","40"
"7401","7400","astronomy","astronomy","subject > earth and nature > physical science > astronomy","There are lots of fun datasets here for you to analyze, and who knows, maybe you'll find a habitable planet hidden in the data that no one else saw. Then you could have a planet named after you!","762","5","872"
"7402","7400","chemistry","chemistry","subject > earth and nature > physical science > chemistry","Chemistry addresses topics such as how atoms and molecules interact via chemical bonds to form new chemical compounds.","400","4","261"
"7404","7400","physics","physics","subject > earth and nature > physical science > physics","Physics is the natural science that involves the study of matter and its motion and behavior through space and time, along with related concepts such as energy and force.","555","6","1026"
"7407","7302","natural disasters","natural-disasters","subject > earth and nature > environment > natural disasters","","170","0","207"
"7408","7302","weather and climate","weather","subject > earth and nature > environment > weather and climate","Weather datasets and kernels come in all wind speeds and directions. You have weather data about hurricanes and other inclement phenomena, hourly readings, and general weather for various cities.","800","2","452"
"8100","11000","people","people","subject > people and society > people","This tag is for collections of information about, you guessed it, people.","326","2","78"
"8203","8100","gender","gender","subject > people and society > people > gender","Gender is the range of characteristics pertaining to, and differentiating between, masculinity and femininity.","194","0","118"
"8301","8100","clothing and accessories","clothing","subject > people and society > people > clothing and accessories","The datasets and kernels in this fashionable tag include clothes, shoes, and jewelry.","15014","1","453"
"8302","16414","employment","employment","subject > people and society > jobs and career > employment","Where does it pay to attend college? What impacts employee satisfaction and what makes them quit their jobs? Explore these questions and others in kernels and datasets with this tag.","346","1","157"
"8309","16414","income","income","subject > people and society > jobs and career > income","This tag contains datasets and kernels related to various incomes and salaries. Explore census-like data that covers city-level income down to individuals.","173","0","122"
"8317","11122","housing","housing","subject > people and society > business > real estate > housing","Explore datasets, kernels, and competitions related to housing markets in this tag.","461","18","746"
"9100","2200","philosophy","philosophy","subject > arts and entertainment > philosophy","","73","0","24"
"9109","11200","history","history","subject > people and society > social science > history","History is generally the study of past events that have shaped the world. Here on Kaggle, you'll find historical records and analyses on topics like Bitcoin data, UFO sightings, and sports tournaments.","922","2","279"
"10000","11000","religion and belief systems","religion-and-belief-systems","subject > people and society > religion and belief systems","","3398","0","618"
"11000","16637","people and society","society-and-social-sciences","subject > people and society","","363","0","109"
"11102","11000","business","business","subject > people and society > business","Businesses are organizational entities that drive economic activity. Explore the inner workings of things like HR practices, product sales, and customer happiness in these competitions, kernels, and datasets.","40985","9","25174"
"11104","11110","crime","crime","subject > people and society > law > government > crime","A crime is an unlawful act punishable by a state or other authority. Explore datasets, kernels, and competitions related to white collar crime, global terrorism, and more in this tag.","1565","1","649"
"11105","11000","education","education","subject > people and society > education","Education datasets and kernels relate to statistics on student performance, university rankings, and answers for all your homework questions.","12801","7","14577"
"11108","11102","finance","finance","subject > people and society > business > finance","The finance tag covers datasets and kernels about money and investing. If you need to test some new cryptocurrency investment strategies or ward off those pesky credit card fraud enthusiasts, then you've come to the right place.","5237","10","3752"
"11110","11115","government","government","subject > people and society > law > government","Government related datasets and kernels include various datasets from government agencies like the Food and Drug Administration, police agencies, and government press releases.","2171","0","181"
"11111","4000","health","health","subject > health and fitness > health","Consider the health tag your data science gym. Get in there and work out those data science muscles on health analytics. Analyze heart disease until you sweat. Then recover with with a nice candy production dataset.","8104","5","7509"
"11115","11000","law","law","subject > people and society > law","Law is a system of rules that are created and enforced through social or governmental institutions to regulate behavior.","4914","0","265"
"11117","11110","military","military","subject > people and society > law > government > military","Datasets and kernels based on historical battles and other military activities including drone attaccks, bombings, and veteran suicides.","459","0","73"
"11121","11200","politics","politics","subject > people and society > social science > politics","Politics datasets and kernels cover topics you can use to explore the decision making that goes into the governance of groups of people all around the world.","2275","0","653"
"11122","11102","real estate","real-estate","subject > people and society > business > real estate","Datsets and kernels analyzing housing, apartments, and property in general. For those of you house-hunting, you should avoid max(house_price). It's high. Really high.","1904","3","740"
"11128","11108","lending","lending","subject > people and society > business > finance > lending","","1081","0","368"
"11129","11108","banking","banking","subject > people and society > business > finance > banking","Banks keep the financial system interesting by failing en masse every couple of generations.","2046","12","839"
"11130","11108","crowdfunding","crowdfunding","subject > people and society > business > finance > crowdfunding","","37","1","41"
"11200","11000","social science","social-sciences","subject > people and society > social science","Social science is the collection of disciplines studying how humans interact with each other.","5141","0","743"
"11204","11200","demographics","demographics","subject > people and society > social science > demographics","Demographics cover different aspects of life: youth, religion, housing, employment, taxes and mortality. This tag contains census data that describe various populations and communities.","675","1","252"
"11205","11200","economics","economics","subject > people and society > social science > economics","The economics tag contains resources for analyzing the production, consumption, and transfer of wealth.","2248","0","581"
"11207","11200","international relations","international-relations","subject > people and society > social science > international relations","You'll find a variety of datasets and kernels in this tag concerning multiple nations and their demographics, economics, and trade.","117","0","18"
"11208","11200","linguistics","linguistics","subject > people and society > social science > linguistics","The linguistics tag contains datasets and kernels that you can use for text analytics, sentiment analyses, and making clever jokes like this: Let me tell you a little about myself. It's a reflexive pronoun that means ""me.""","691","10","168"
"11211","11200","psychology","psychology","subject > people and society > social science > psychology","Psychology is the study of how we use our brains (or don't) to interact with others. Humans are complicated and maybe data science can help us understand ourselves.","1217","1","330"
"11220","11204","mortality","mortality","subject > people and society > social science > demographics > mortality","Mortality is the state of being mortal, or susceptible to death; the opposite of immortality.","107","0","35"
"12000","16637","science and technology","technology-and-applied-sciences","subject > science and technology","","1913","1","1479"
"12001","7302","agriculture","agriculture","subject > earth and nature > environment > agriculture","You could be well on your way to creating the next big precision agriculture company with the resources in this tag. At the very least, you can use Weekly Corn Prices to make more informed decisions about your purchases at the store.","601","2","181"
"12005","12000","biotechnology","biotechnology","subject > science and technology > biotechnology","Biotechnology is the use of living systems and organisms to develop or make products.","205","2","84"
"12016","12000","energy","energy","subject > science and technology > energy","We've got solar, we've got coal, and we've even got nuclear energy data. According to the law of conservation of energy it can't be created or destroyed, but here our catalog of energy-related datasets and kernels continues to grow.","2163","1","475"
"12021","7302","forestry","forestry","subject > earth and nature > environment > forestry","Forestry is the management of forests. Whether this means planting trees or cutting them down depends a lot on who owns the forest.","156","4","68"
"12026","12300","manufacturing","manufacturing","subject > science and technology > engineering > manufacturing","Manufacturing is the production of merchandise for use or sale using labour and machines, tools, chemical and biological processing, or formulation.","219","3","53"
"12027","11102","marketing","marketing","subject > people and society > business > marketing","Marketing is the activity of connecting consumers to products and services. Find datasets, kernels, and competitions related to marketing in this tag.","263","5","483"
"12028","11111","medicine","medicine","subject > health and fitness > health > medicine","Medicine is the science and practice of the diagnosis, treatment, and prevention of disease. We recommend you take two datasets and analyze them in the morning. If that doesn't work, analyze one dataset every four hours.","569","9","804"
"12038","12300","robotics","robotics","subject > science and technology > engineering > robotics","Hopefully more Wall-E than Skynet.","208","1","80"
"12044","12016","renewable energy","renewable-energy","subject > science and technology > energy > renewable energy","","676","0","217"
"12101","12107","artificial intelligence","artificial-intelligence","subject > science and technology > computer science > artificial intelligence","This tag has datasets and kernels where people come together and use cutting-edge research to train models on pictures of cats.","881","2","1115"
"12107","12000","computer science","computer-science","subject > science and technology > computer science","There is one thing we can say for sure about computer science: Computer science leads to more computer games which leads to better GPUs which leads to smarter AI.","19914","1","311"
"12116","12000","internet","internet","subject > science and technology > internet","An interconnected network of tubes that connects the entire world together. This tag covers a broad range of tags; anything from cryptocurrency to website analytics.","11476","18","2124"
"12117","12116","mobile and wireless","mobile-web","subject > science and technology > internet > mobile and wireless","","647","4","152"
"12125","12107","programming","programming","subject > science and technology > computer science > programming","The programming tag contains datsets and kernels from coder surveys, revision histories, and bug triaging.","5514","0","84218"
"12127","12107","software","software","subject > science and technology > computer science > software","","6777","0","11294"
"12200","12000","electronics","electronics","subject > science and technology > electronics","Electronics is the science of controlling electrical energy electrically, in which the electrons have a fundamental role.","3612","0","220"
"12300","12000","engineering","engineering","subject > science and technology > engineering","Engineering is the application of mathematics, science, economics, empirical evidence, social, and practical knowledge to invent, innovate, design, build, maintain, research, and improve structures, machines, tools, systems, components, materials, processes, solutions, and organizations.","195","0","88"
"12400","12000","transportation","transport","subject > science and technology > transportation","Most of the various modes of transport are all covered in this tag. Not all though because so far there are no kernels or datasets about teleportation.","4335","1","458"
"12402","12400","automobiles and vehicles","automobiles","subject > science and technology > transportation > automobiles and vehicles","The automobile tag is everything about cars. Analyze insurance rates or how far you can go on one gallon of petrol.","5035","5","1639"
"12403","12400","aviation","aviation","subject > science and technology > transportation > aviation","When you think of aviation, are you filled with wonder and excitement for human flight? In this tag, you can find code and data related to flight delays, bird strikes, and crashing.","168","0","50"
"12404","12400","cycling","cycling","subject > science and technology > transportation > cycling","Walking is so 18th century. Cycling is a very advanced 19th-century technology that helps you get from A to B faster and easier.","855","1","731"
"12406","12400","rail transport","rail-transport","subject > science and technology > transportation > rail transport","Rail transport is a fancier way to say trains.","481","0","22"
"12411","12400","water transport","water-transport","subject > science and technology > transportation > water transport","","122","0","44"
"13100","","audience","audience","audience","","2","0","0"
"13102","13100","beginner","beginner","audience > beginner","New to data science? Explore tips, tricks, and beginner friendly work from other Kagglers.","4214","3766","36310"
"13103","13100","intermediate","intermediate","audience > intermediate","","2311","0","2812"
"13104","13100","advanced","advanced","audience > advanced","","693","0","1350"
"13200","","technique","analysis","technique","","0","0","0"
"13201","13200","exploratory data analysis","eda","technique > exploratory data analysis","","2449","0","26681"
"13202","13200","data cleaning","data-cleaning","analysis > data cleaning","","1555","0","10593"
"13203","13200","signal processing","signal-processing","analysis > signal processing","","147","12","194"
"13204","13200","nlp","nlp","analysis > nlp","Natural Language Processing gives a computer program the ability to extract meaning human language. Applications include sentiment analysis, translation, and speech recognition.","2699","29","6809"
"13205","13200","text mining","text-mining","analysis > text mining","","724","3","1112"
"13206","13200","geospatial analysis","geospatial-analysis","analysis > geospatial analysis","","840","8","806"
"13207","13200","computer vision","image-processing","technique > computer vision","Teaching a machine to interpret real-world images and videos. Applications include detecting objects, capturing motion, and restoring images.","2303","17","3907"
"13208","13200","data visualization","data-visualization","technique > data visualization","The art of depicting data in a visual format. Using charts and graphs, it is easier to observe patterns, relationships, and outliers.","3266","0","29646"
"13209","13200","time series analysis","time-series-analysis","technique > time series analysis","","1551","32","2815"
"13210","13200","statistical analysis","statistical-analysis","analysis > statistical analysis","","461","0","2123"
"13213","13200","survey analysis","survey-analysis","analysis > survey analysis","","221","5","543"
"13215","13200","data analytics","marketing-analytics","technique > data analytics","","3023","8","9008"
"13302","16673","classification","classification","task > classification","","3208","6","16704"
"13304","16673","clustering","clustering","task > clustering","","538","5","2239"
"13305","13200","ensembling","ensembling","technique > ensembling","","69","1","2039"
"13306","13200","feature engineering","feature-engineering","technique > feature engineering","","381","0","7471"
"13308","13200","outlier analysis","outlier-analysis","technique > outlier analysis","","48","0","513"
"13309","13200","dimensionality reduction","dimensionality-reduction","technique > dimensionality reduction","","45","0","554"
"13310","13200","deep learning","deep-learning","technique > deep learning","","2116","0","14752"
"13311","13200","recommender systems","recommender-systems","technique > recommender systems","","381","4","1025"
"13313","16673","reinforcement learning","reinforcement-learning","task > reinforcement-learning","","53","1","334"
"13315","13200","model comparison","model-comparison","technique > model comparison","","102","0","3024"
"13401","13200","gradient boosting","gradient-boosting","technique > gradient boosting","","40","0","1773"
"13402","13200","random forest","random-forest","technique > random forest","","142","0","5727"
"13403","16585","xgboost","xgboost","packages > xgboost","A library that implements the gradient boosting framework onto a wide range of problems including regression and classification. It is optimized for speed and efficiency.","73","0","6324"
"13404","14203","logistic regression","logistic-regression","technique > regression > logistic regression","","225","2","4378"
"13405","14203","linear regression","linear-regression","technique > regression > linear regression","","486","0","4756"
"13406","13200","naive bayes","naive-bayes","technique > naive bayes","","58","0","1113"
"13407","13200","neural networks","neural-networks","technique > neural networks","Machine learning algorithms inspired by the structure of a human brain and its system of neurons. Common network types include CNN, RNN, and LSTM.","410","0","4598"
"13408","13200","k-means","k-means","technique > k-means","","85","0","1201"
"13409","13200","pca","pca","technique > pca","","52","0","1122"
"13410","13407","lstm","lstm","technique > neural networks > lstm","","237","0","1839"
"13411","13200","svm","svm","technique > svm","","70","0","2012"
"13412","13400","hmm","hmm","algorithms > hmm","","1","0","6"
"13413","16679","gan","architecture > gan","technique > neural networks > gan","","221","2","634"
"13414","13407","dnn","dnn","technique > neural networks > dnn","","52","0","247"
"13415","16679","cnn","architecture > cnn","technique > neural networks > cnn","","1006","0","5494"
"13416","16679","rnn","architecture > rnn","technique > neural networks > rnn","","157","0","750"
"13417","13200","decision tree","decision-tree","technique > decision tree","","146","0","2994"
"14100","","data type","data-type","data type","","21","0","0"
"14101","14100","tabular","tabular-data","data type > tabular","","6016","4045","5025"
"14102","14100","image","image-data","data type > image","","5035","171","4827"
"14104","14100","text","text-data","data type > text","","3826","60","3285"
"14105","14100","video","video-data","data type > video data","","268","9","126"
"14106","14100","bigquery","bigquery","data type > bigquery","","230","0","571"
"14201","16673","binary classification","binary-classification","task > binary-classification","","738","3785","5444"
"14202","13302","multiclass classification","multiclass-classification","technique > classification > multiclass classification","","883","102","3021"
"14203","16673","regression","regression","task > regression","","924","83","5135"
"14211","13200","adversarial learning","adversarial-learning","technique > adversarial learning","","50","4","95"
"14221","13200","transfer learning","transfer-learning","technique > transfer learning","","294","0","1667"
"15000","16000","initiatives","initiatives","admin > initiatives","","0","0","0"
"15001","16000","dailychallenge","dailychallenge","admin > initiatives > dailychallenge","Kaggle daily challenge content","3","0","1385"
"15002","13200","optimization","optimization","technique > optimization","","56","8","921"
"15006","15000","socrata","socrata","admin > initiatives > socrata","","1106","0","3"
"15110","16000","task curation","curation-tasks","admin > task curation","Group of tags associated with curation of Kaggle tasks.","0","0","0"
"15111","15110","task reviewed","task-reviewed","admin > task curation > task reviewed","A curator has gave their stamp of approval for the task.","0","0","0"
"15112","15110","task needs description","task-needs-description","admin > task curation > task needs description","Task need more details in description.","0","0","0"
"15113","15110","task needs submission format","task-needs-submission-format","admin > task curation > task needs submission format","Task need more details on intended submission format.","0","0","0"
"15114","15110","task needs evaluation criteria","task-needs-evaluation-criteria","admin > task curation > task needs evaluation criteria","Task need more details on evaluation criteria.","0","0","0"
"15115","15010","task under construction","task-under-construction","admin > task curation > under construction","Task under construction.","0","0","0"
"16000","","admin","kaggle","admin","Admin created tags for a specific internal purpose","4","0","5"
"16002","16000","learn","learn","admin > learn course","Kaggle Learn content","13","0","363"
"16008","16585","spaCy","spacy","packages > spaCy","spaCy is an open-source software library for advanced Natural Language Processing, written in the programming languages Python and Cython.","57","0","858"
"16010","3600","japan","japan","geography and places > asia > japan","Japan is an island country in East Asia. Located in the Pacific Ocean, it lies off the eastern coast of the Asian continent and stretches from the Sea of Okhotsk in the north to the East China Sea and the Philippine Sea in the south.","102","1","119"
"16070","13200","model explainability","model-explainability","technique > model explainability","Some see machine learning models as ""black boxes"" that are difficult to interpret and explain. For this challenge, you're encouraged to use concepts such as feature importance, perturbation importance, and partial dependence plots to explain the predictions of an ML model.","44","0","1837"
"16071","16000","auto-updating data","auto-updating-data","admin > auto-updating data","Many data projects benefit from having continuously updated datasets. Can you take advantage of this newly-released feature and share a novel use case with the world?","5","0","8"
"16072","14100","audio","audio-data","data type > audio","In digital audio, the sound wave of the audio signal is encoded as numerical samples in continuous sequence. Ride that wave over to a dataset with this tag to analyze some audio!","558","6","428"
"16074","16000","utility script","util-script","admin > utility script","Kernels that are importable as reusable code","0","0","24136"
"16109","16113","cooking and recipes","cooking-and-recipes","subject > health and fitness > food > cooking and recipes","","712","0","183"
"16113","4000","food","food","subject > health and fitness > food","","5351","6","497"
"16121","16113","restaurants","restaurants","subject > health and fitness > food > restaurants","","997","0","702"
"16133","2500","gambling","gambling","subject > culture and humanities > games > gambling","","468","0","152"
"16151","2507","simulations","simulation-games","subject > culture and humanities > games > video games > simulations","","216","7","189"
"16175","2200","comics and animation","comics-and-animation","subject > arts and entertainment > comics and animation","","754","0","199"
"16177","16175","anime and manga","anime-and-manga","subject > arts and entertainment > comics and animation > anime and manga","","1382","0","672"
"16189","4141","martial arts","martial-arts","subject > health and fitness > exercise > sports > martial arts","","206","0","40"
"16206","4141","volleyball","volleyball","subject > health and fitness > exercise > sports > volleyball","","30","0","3"
"16215","8100","make-up and cosmetics","make-up-and-cosmetics","subject > people and society > people > make-up and cosmetics","","180","0","15"
"16221","4202","drugs and medications","drugs-and-medications","subject > health and fitness > health > healthcare > drugs and medications","","618","1","227"
"16229","7301","fish and aquaria","fish-and-aquaria","subject > earth and nature > animals > fish and aquaria","","191","0","45"
"16278","8100","holidays and cultural events","holidays-and-seasonal-events","subject > people and society > people > holidays and cultural events","","535","4","136"
"16281","8100","retail and shopping","shopping","subject > people and society > people > retail and shopping","","4425","3","401"
"16302","11102","ratings and reviews","product-reviews-and-price-comparisons","subject > people and society > business > ratings and reviews","","2139","0","244"
"16340","11102","e-commerce services","e-commerce-services","subject > people and society > business > e-commerce services","","1117","0","351"
"16369","11108","insurance","insurance","subject > people and society > business > finance > insurance","","1553","0","407"
"16371","11108","investing","investing","subject > people and society > business > finance > investing","","5114","0","18351"
"16373","11108","currencies and foreign exchange","currencies-and-foreign-exchange","subject > people and society > business > finance > currencies and foreign exchange","","3327","1","1932"
"16378","11111","health conditions","health-conditions","subject > health and fitness > health > health conditions","","3363","7","1753"
"16382","16378","cancer","cancer","subject > health and fitness > health > health conditions > cancer","","5251","1","3226"
"16383","16378","diabetes","diabetes","subject > health and fitness > health > health conditions > diabetes","","2052","0","624"
"16388","16378","heart conditions","heart-and-hypertension","subject > health and fitness > health > health conditions > heart conditions","","1810","0","2014"
"16403","11111","eyes and vision","vision-care","subject > health and fitness > health > eyes and vision","","944","0","318"
"16409","11105","primary and secondary schools","primary-and-secondary-schooling-(k-12)","subject > people and society > education > primary and secondary schools","","932","4","180"
"16410","11105","standardized testing","standardized-and-admissions-tests","subject > people and society > education > standardized testing","","4801","0","405"
"16414","11000","jobs and career","jobs","subject > people and society > jobs and career","","938","1","4734"
"16430","11000","news","news","subject > people and society > news","","6144","1","3013"
"16439","11110","public safety","public-safety","subject > people and society > law > government > public safety","","1507","2","664"
"16453","11000","social issues and advocacy","social-issues-and-advocacy","subject > people and society > social issues and advocacy","","2157","0","207"
"16457","16453","human rights","human-rights-and-liberties","subject > people and society > social issues and advocacy > human rights","","97","0","20"
"16461","11102","travel","travel","subject > people and society > business > travel","","3680","0","1325"
"16467","16461","hotels and accommodations","hotels-and-accommodations","subject > people and society > business > travel > hotels and accommodations","","1187","2","313"
"16486","12116","email and messaging","email-and-messaging","subject > science and technology > internet > email and messaging","","2279","1","133"
"16489","12116","online communities","online-communities","subject > science and technology > internet > online communities","","7277","3","1240"
"16502","16489","social networks","social-networks","subject > science and technology > internet > online communities > social networks","","3848","0","4344"
"16525","12016","electricity","electricity","subject > science and technology > energy > electricity","","821","0","141"
"16526","12016","oil and gas","oil-and-gas","subject > science and technology > energy > oil and gas","","650","0","103"
"16532","4202","hospitals and treatment centers","hospitals-and-treatment-centers","subject > health and fitness > health > healthcare > hospitals and treatment centers","","383","0","64"
"16569","15000","Two Sigma x Kaggle Finance Data Repo","two-sigma-x-kaggle-finance-data-repo","admin > initiatives > Two Sigma x Kaggle Finance Data Repo","This is an example of the TS x Kaggle Finance repo tag page!","489","0","1"
"16574","16579","tpu","tpu","subject > science and technology > computer science > accelerators > tpu","A powerful computer chip built specifically for accelerating machine learning workloads in a fast and scalable manner. It is designed to massively parallelize ML tasks that would not normally fit on GPU.","63","2","61829"
"16575","4302","covid19","covid19","subject > health and fitness > health > health conditions > diseases > covid19","COVID-19 is a disease that is caused by the SARS-CoV-2 virus. In 2020 there was a global COVID-19 pandemic.","1750","9","2447"
"16579","12107","accelerators","accelerators","subject > science and technology > computer science > accelerators","""Involves an accelerator (e.g. - gpu, tpu)""","16","0","355"
"16580","16579","gpu","gpu","subject > science and technology > computer science > accelerators > gpu","A generalized processor that excels at small-to-medium-scale matrix operations. It is traditionally used for training machine learning models on very large datasets.","118","0","2664819"
"16582","3600","korea","south-korea","geography and places > asia > korea","","69","0","87"
"16583","3200","canada","canada","geography and places > north america > canada","","121","0","49"
"16584","3200","mexico","mexico","geography and places > north america > mexico","","45","0","19"
"16585","","packages","packages","packages","Libraries and frameworks that help you perform common functions, such as data cleaning, model building, and data visualizations","0","0","0"
"16586","16585","caret","caret","packages > caret","","6","0","125"
"16587","16585","corrplot","corrplot","packages > corrplot","","8","0","169"
"16588","16585","cv2","cv2","packages > cv2","","136","0","5941"
"16589","16585","datetime","datetime","packages > datetime","","181","0","550"
"16590","16585","doParallel","doParallel","packages > doParallel","","3","0","16"
"16591","16585","dplyr","dplyr","packages > dplyr","","90","0","281"
"16592","16585","forcats","forcats","packages > forcats","","15","0","64"
"16593","16585","foreach","foreach","packages > foreach","","0","0","1"
"16594","16585","gc","gc","packages > gc","","0","0","10"
"16595","16585","ggplot2","ggplot2","packages > ggplot2","","161","0","1048"
"16596","16585","ggthemes","ggthemes","packages > ggthemes","","1","0","18"
"16597","16585","glob","glob","packages > glob","","3","0","15"
"16598","16585","gridExtra","gridExtra","packages > gridExtra","","1","0","29"
"16599","16585","IPython","IPython","packages > IPython","","55","0","719"
"16600","16585","json","json","packages > json","","130","0","95"
"16601","16585","jsonlite","jsonlite","packages > jsonlite","","3","0","6"
"16602","16585","keras","keras","packages > keras","","228","0","7393"
"16603","16585","knitr","knitr","packages > knitr","","0","0","15"
"16604","16585","leaflet","leaflet","packages > leaflet","","3","0","26"
"16605","16585","lightgbm","lightgbm","packages > lightgbm","","24","0","2924"
"16606","16585","lubridate","lubridate","packages > lubridate","","31","0","154"
"16607","16585","matplotlib","matplotlib","packages > matplotlib","","222","0","63874"
"16608","16585","nltk","nltk","packages > nltk","","120","0","3252"
"16609","16585","numpy","numpy","packages > numpy","","247","1","60087"
"16610","16585","os","os","packages > os","","9","0","84"
"16611","16585","pandas","pandas","packages > pandas","","807","0","90313"
"16612","16585","pathlib","pathlib","packages > pathlib","","1","0","16"
"16613","16585","PIL","PIL","packages > PIL","","11","0","3083"
"16614","16585","plotly","plotly","packages > plotly","","70","0","7441"
"16615","16585","plyr","plyr","packages > plyr","","1","0","6"
"16616","16585","randomForest","randomForest","packages > randomForest","","19","0","943"
"16617","16585","RColorBrewer","RColorBrewer","packages > RColorBrewer","","1","0","6"
"16618","16585","re","re","packages > re","","14","0","43"
"16619","16585","readr","readr","packages > readr","","8","0","40"
"16620","16585","reshape2","reshape2","packages > reshape2","","1","0","6"
"16621","16585","rpart","rpart","packages > rpart","","0","0","12"
"16622","16585","scipy","scipy","packages > scipy","","22","0","3198"
"16623","16585","seaborn","seaborn","packages > seaborn","","138","0","36152"
"16624","16585","sklearn","sklearn","packages > sklearn","","211","0","13630"
"16625","16585","stringr","stringr","packages > stringr","","3","0","7"
"16626","16585","sys","sys","packages > sys","","3","0","9"
"16627","16585","tensorflow","tensorflow","packages > tensorflow","TensorFlow is an open source library for machine learning. It lets researchers push the state-of-the-art in ML and developers easily build and deploy ML applications.","428","1","14582"
"16628","16585","tibble","tibble","packages > tibble","","3","0","17"
"16629","16585","tidyr","tidyr","packages > tidyr","","13","0","68"
"16630","16585","tidyverse","tidyverse","packages > tidyverse","A collection of R packages essential for data science. It includes ggplot2, dplyr, tidyr, readr, purrr, tibble, stringr, and forcats.","198","0","933"
"16631","16585","pytorch","torch","packages > pytorch","","303","0","2940"
"16632","16585","torchvision","torchvision","packages > torchvision","","35","0","1853"
"16633","16585","tqdm","tqdm","packages > tqdm","","2","0","424"
"16634","16585","transformers","transformers","packages > transformers","","209","0","2040"
"16635","13200","automl","automl","technique > automl","The process of automating the end to end workflow of machine learning in order to make it more accessible for non-experts.","80","0","1980"
"16636","16673","multilabel classification","multilabel-classification","task > multilabel-classification","","162","4","571"
"16637","","subject","topic","subject","","2","0","14"
"16638","11200","urban planning","urban-planning","subject > people and society > social science > urban planning","","65","0","24"
"16639","12125","python","python","subject > science and technology > computer science > programming > python","","589","0","9552"
"16640","12125","r","r","subject > science and technology > computer science > programming > r","","108","0","694"
"16641","12125","sql","sql","subject > science and technology > computer science > programming > sql","","80","0","487"
"16642","16453","racial equity","racial-equality","subject > people and society > social issues and advocacy > racial equity","Equal treatment, rights, and opportunity for all races regardless of the color of your skin","38","0","24"
"16643","16453","ml ethics","ml-ethics","subject > people and society > social issues and advocacy > ml ethics","A study of the ethical implications of machine learning algorithms, such as unintended biases and discriminatory outputs","69","0","216"
"16663","3000","middle east","middle-east","geography and places > middle east","","86","0","13"
"16664","3000","oceania","oceania","geography and places > oceania","","15","0","9"
"16665","3200","greenland","greenland","geography and places > north america > greenland","","4","0","2"
"16667","16000","scheduled","scheduled","admin > scheduled","","1","0","5110"
"16668","16000","pre-trained model","pre-trained-model","admin > pre-trained model","","54752","0","314"
"16669","16000","synced dataset","synced-dataset","admin > synced dataset","","0","0","0"
"16671","16000","competition metric","competition-metric","admin > competition metric","Kernels that are importable as evaluation metrics for competitions.","0","0","14"
"16672","16000","competition orchestrator","competition-orchestrator","admin > competition orchestrator","Admin-only Kernels that handle scoring and validation for competition metrics.","0","0","2"
"16673","","task","task","task","","0","0","0"
"16674","","language","language","language","","0","0","0"
"16679","","architecture","architecture","architecture","","0","0","0"
"16680","16673","audio command detection","audio-command-detection","task > audio-command-detection","","1","0","0"
"16681","16673","audio synthesis","audio-synthesis","task > audio-synthesis","","2","0","0"
"16682","16673","audio-to-audio","audio-to-audio","task > audio-to-audio","","1","0","0"
"16683","16673","automatic speech recognition","automatic-speech-recognition","task > automatic-speech-recognition","","8","0","4"
"16684","16673","audio classification","audio-classification","task > audio-classification","","17","0","14"
"16685","16673","audio event classification","audio-event-classification","task > audio-event-classification","","4","0","2"
"16686","16673","image classification","image-classification","task > image-classification","","159","1","253"
"16687","16673","image classification logits","image-classification-logits","task > image-classification-logits","","0","0","0"
"16688","16673","multitask classification","multitask-classification","task > multitask-classification","","2","0","4"
"16689","16673","paralinguistic classification","paralinguistic-classification","task > paralinguistic-classification","","0","0","0"
"16690","16673","tabular classification","tabular-classification","task > tabular-classification","","5","0","30"
"16691","16673","text classification","text-classification","task > text-classification","","67","0","105"
"16692","16673","token classification","token-classification","task > token-classification","","4","0","5"
"16693","16673","zero-shot text classification","zero-shot-text-classification","task > zero-shot-text-classification","","0","0","1"
"16694","16673","feature extraction","feature-extraction","task > feature-extraction","","25","0","55"
"16695","16673","text fill-mask","text-fill-mask","task > text-fill-mask","","1","0","0"
"16696","16673","text generation","text-generation","task > text-generation","","27","0","15"
"16697","16673","video generation","video-generation","task > video-generation","","0","0","1"
"16698","16673","image augmentation","image-augmentation","task > image-augmentation","","14","0","39"
"16699","16673","image depth estimation","image-depth-estimation","task > image-depth-estimation","","2","0","3"
"16700","16673","image extrapolation","image-extrapolation","task > image-extrapolation","","0","0","0"
"16701","16673","image feature vector","image-feature-vector","task > image-feature-vector","","1","0","4"
"16702","16673","image generator","image-generator","task > image-generator","","22","0","35"
"16703","16673","image style transfer","image-style-transfer","task > image-style-transfer","","4","0","7"
"16704","16673","image super resolution","image-super-resolution","task > image-super-resolution","","4","0","5"
"16705","16673","image text detection","image-text-detection","task > image-text-detection","","1","0","1"
"16706","16673","image text recognition","image-text-recognition","task > image-text-recognition","","3","1","7"
"16707","16673","image-to-image","image-to-image","task > image-to-image","","10","0","7"
"16709","16673","text-to-image","text-to-image","task > text-to-image","","10","0","8"
"16710","16673","text-to-speech","text-to-speech","task > text-to-speech","","4","0","0"
"16711","16673","text-to-text generation","text-to-text-generation","task > text-to-text-generation","","8","0","3"
"16712","16673","pitch extraction","pitch-extraction","task > pitch-extraction","","1","0","0"
"16713","16673","pose detection","pose-detection","task > pose-detection","","2","0","4"
"16714","16673","text pre-processing","text-pre-processing","task > text-pre-processing","","44","0","79"
"16715","16673","question answering","question-answering","task > question-answering","","14","0","8"
"16716","16673","retrieval question answering","retrieval-question-answering","task > retrieval-question-answering","","4","0","3"
"16717","16673","image segmentation","image-segmentation","task > image-segmentation","","65","1","49"
"16718","16673","text segmentation","text-segmentation","task > text-segmentation","","3","0","5"
"16719","16673","sentence similarity","sentence-similarity","task > sentence-similarity","","11","0","10"
"16720","16673","speech synthesis","speech-synthesis","task > speech-synthesis","","4","0","5"
"16721","16673","speech-to-text","speech-to-text","task > speech-to-text","","2","0","4"
"16722","16673","summarization","summarization","task > summarization","","7","0","7"
"16723","16673","text conversation","text-conversation","task > text-conversation","","6","0","2"
"16724","16673","text sequence alignment","text-sequence-alignment","task > text-sequence-alignment","","0","0","0"
"16725","16673","text-to-mel","text-to-mel","task > text-to-mel","","0","0","0"
"16726","16673","translation","translation","task > translation","","7","0","7"
"16728","16673","video audio text","video-audio-text","task > video-audio-text","","1","0","0"
"16729","16673","video text","video-text","task > video-text","","0","0","1"
"16730","16679","amoebanet-a (n=18, f=448)","amoebanet-a-n18-f448","architecture > amoebanet-a-n18-f448","","0","0","2"
"16731","16679","bert","bert","architecture > bert","","15","0","43"
"16732","16679","big transfer","big-transfer","architecture > big-transfer","","0","0","2"
"16733","16679","bigan","bigan","architecture > bigan","","0","0","0"
"16734","16679","bigbigan","bigbigan","architecture > bigbigan","","0","0","0"
"16735","16679","biggan","biggan","architecture > biggan","","1","0","4"
"16736","16679","biggan-deep","biggan-deep","architecture > biggan-deep","","0","0","2"
"16737","16679","cait","cait","architecture > cait","","0","0","0"
"16738","16679","centernet","centernet","architecture > centernet","","0","0","0"
"16739","16679","conformer","conformer","architecture > conformer","","0","0","0"
"16740","16679","convmixer","convmixer","architecture > convmixer","","0","0","0"
"16741","16679","convnext","convnext","architecture > convnext","","0","0","0"
"16742","16679","dan","dan","architecture > dan","","1","0","0"
"16743","16679","deeplab (mobilenetv2_ade20k_train)","deeplab-mobilenetv2-ade20k-train","architecture > deeplab-mobilenetv2-ade20k-train","","0","0","0"
"16744","16679","deeplab (mobilenetv2_coco_voc_trainval)","deeplab-mobilenetv2-coco-voc-trainval","architecture > deeplab-mobilenetv2-coco-voc-trainval","","0","0","0"
"16745","16679","deeplab (mobilenetv2_dm05_coco_voc_trainval)","deeplab-mobilenetv2-dm05-coco-voc-trainval","architecture > deeplab-mobilenetv2-dm05-coco-voc-trainval","","2","0","2"
"16746","16679","deeplab (mobilenetv3_large_cityscapes_trainfine)","deeplab-mobilenetv3-large-cityscapes-trainfine","architecture > deeplab-mobilenetv3-large-cityscapes-trainfine","","0","0","0"
"16747","16679","deeplab (xception65_ade20k_train)","deeplab-xception65-ade20k-train","architecture > deeplab-xception65-ade20k-train","","0","0","0"
"16748","16679","deeplab (xception65_cityscapes_trainfine)","deeplab-xception65-cityscapes-trainfine","architecture > deeplab-xception65-cityscapes-trainfine","","0","0","0"
"16749","16679","deeplab (xception65_coco_voc_trainaug)","deeplab-xception65-coco-voc-trainaug","architecture > deeplab-xception65-coco-voc-trainaug","","0","0","0"
"16750","16679","deit","deit","architecture > deit","","0","0","0"
"16751","16679","delf","delf","architecture > delf","","0","0","0"
"16752","16679","efficientdet","efficientdet","architecture > efficientdet","","0","0","0"
"16753","16679","efficientnet v2","efficientnet-v2","architecture > efficientnet-v2","","0","0","0"
"16754","16679","efficientnet-b0","efficientnet-b0","architecture > efficientnet-b0","","0","0","0"
"16755","16679","efficientnet-b1","efficientnet-b1","architecture > efficientnet-b1","","0","0","0"
"16756","16679","efficientnet-b2","efficientnet-b2","architecture > efficientnet-b2","","0","0","0"
"16757","16679","efficientnet-b3","efficientnet-b3","architecture > efficientnet-b3","","0","0","2"
"16758","16679","efficientnet-b4","efficientnet-b4","architecture > efficientnet-b4","","0","0","0"
"16759","16679","efficientnet-b5","efficientnet-b5","architecture > efficientnet-b5","","0","0","2"
"16760","16679","efficientnet-b6","efficientnet-b6","architecture > efficientnet-b6","","0","0","0"
"16761","16679","efficientnet-b7","efficientnet-b7","architecture > efficientnet-b7","","0","0","4"
"16762","16679","elmo","elmo","architecture > elmo","","0","0","1"
"16763","16679","fastdepth","fastdepth","architecture > fastdepth","","0","0","0"
"16764","16679","faster r-cnn","faster-r-cnn","architecture > faster-r-cnn","","0","0","2"
"16765","16679","fcos","fcos","architecture > fcos","","0","0","1"
"16766","16679","fsaf","fsaf","architecture > fsaf","","0","0","0"
"16767","16679","i3d","i3d","architecture > i3d","","0","0","0"
"16768","16679","inception resnet v2","inception-resnet-v2","architecture > inception-resnet-v2","","0","0","1"
"16769","16679","inception v1","inception-v1","architecture > inception-v1","","1","0","1"
"16770","16679","inception v2","inception-v2","architecture > inception-v2","","0","0","0"
"16771","16679","inception v3","inception-v3","architecture > inception-v3","","1","0","4"
"16772","16679","inception v4","inception-v4","architecture > inception-v4","","0","0","0"
"16773","16679","keywordspottingnet","keywordspottingnet","architecture > keywordspottingnet","","0","0","1"
"16774","16679","mask r-cnn","mask-r-cnn","architecture > mask-r-cnn","","2","0","1"
"16775","16679","midas","midas","architecture > midas","","0","0","1"
"16776","16679","mlp-mixer","mlp-mixer","architecture > mlp-mixer","","0","0","3"
"16777","16679","mobilebert","mobilebert","architecture > mobilebert","","0","0","0"
"16778","16679","mobilebert edgetpu small","mobilebert-edgetpu-small","architecture > mobilebert-edgetpu-small","","0","0","0"
"16779","16679","mobilebert uncased_l-24_h-128_b-512_a-4_f-4_opt","mobilebert-uncased-l-24-h-128-b-512-a-4-f-4-opt","architecture > mobilebert-uncased-l-24-h-128-b-512-a-4-f-4-opt","","0","0","0"
"16780","16679","mobilenet","mobilenet","architecture > mobilenet","","0","0","0"
"16781","16679","mobilenet v1","mobilenet-v1","architecture > mobilenet-v1","","0","0","0"
"16782","16679","mobilenet v2","mobilenet-v2","architecture > mobilenet-v2","","2","0","14"
"16783","16679","mobilenet v3","mobilenet-v3","architecture > mobilenet-v3","","0","0","1"
"16784","16679","movinet","movinet","architecture > movinet","","1","0","1"
"16785","16679","multi-band melgan","multi-band-melgan","architecture > multi-band-melgan","","0","0","0"
"16786","16679","nasnet-a (large)","nasnet-a-large","architecture > nasnet-a-large","","0","0","0"
"16787","16679","nasnet-a (mobile)","nasnet-a-mobile","architecture > nasnet-a-mobile","","0","0","0"
"16788","16679","nnclr","nnclr","architecture > nnclr","","0","0","0"
"16789","16679","nnlm","nnlm","architecture > nnlm","","0","0","0"
"16790","16673","other","other","task > other","","5","0","2"
"16791","16679","pnasnet-5 (large)","pnasnet-5-large","architecture > pnasnet-5-large","","0","0","0"
"16792","16679","progressive gan","progressive-gan","architecture > progressive-gan","","0","0","0"
"16793","16679","regnetx","regnetx","architecture > regnetx","","0","0","1"
"16794","16679","regnety","regnety","architecture > regnety","","0","0","0"
"16795","16679","reqa","reqa","architecture > reqa","","0","0","0"
"16796","16679","resnet","resnet","architecture > resnet","","0","0","26"
"16797","16679","resnet cifar","resnet-cifar","architecture > resnet-cifar","","0","0","0"
"16798","16679","resnet v1 101","resnet-v1-101","architecture > resnet-v1-101","","1","0","0"
"16799","16679","resnet v1 152","resnet-v1-152","architecture > resnet-v1-152","","0","0","1"
"16800","16679","resnet v1 200","resnet-v1-200","architecture > resnet-v1-200","","0","0","0"
"16801","16679","resnet v1 50","resnet-v1-50","architecture > resnet-v1-50","","0","0","8"
"16802","16679","resnet v2 101","resnet-v2-101","architecture > resnet-v2-101","","0","0","1"
"16803","16679","resnet v2 152","resnet-v2-152","architecture > resnet-v2-152","","0","0","1"
"16804","16679","resnet v2 50","resnet-v2-50","architecture > resnet-v2-50","","0","0","1"
"16805","16679","resnet-152","resnet-152","architecture > resnet-152","","0","0","0"
"16806","16679","resnet101-v2","resnet101-v2","architecture > resnet101-v2","","0","0","0"
"16807","16679","resnet101x3-v2","resnet101x3-v2","architecture > resnet101x3-v2","","0","0","0"
"16808","16679","resnet152x4-v2","resnet152x4-v2","architecture > resnet152x4-v2","","0","0","0"
"16809","16679","resnet19","resnet19","architecture > resnet19","","0","0","0"
"16810","16679","resnet50-v2","resnet50-v2","architecture > resnet50-v2","","0","0","6"
"16811","16679","resnet50x3-v2","resnet50x3-v2","architecture > resnet50x3-v2","","0","0","0"
"16812","16679","retinanet","retinanet","architecture > retinanet","","0","0","0"
"16813","16679","s3d","s3d","architecture > s3d","","0","0","0"
"16814","16679","s3d-g","s3d-g","architecture > s3d-g","","0","0","0"
"16815","16679","silero-stt","silero-stt","architecture > silero-stt","","0","0","0"
"16816","16679","ssd","ssd","architecture > ssd","","0","0","1"
"16817","16679","ssd mobilenet v1","ssd-mobilenet-v1","architecture > ssd-mobilenet-v1","","0","0","0"
"16818","16679","ssd mobilenet v2","ssd-mobilenet-v2","architecture > ssd-mobilenet-v2","","1","0","0"
"16819","16679","ssd mobilenet v2 fpn","ssd-mobilenet-v2-fpn","architecture > ssd-mobilenet-v2-fpn","","0","0","0"
"16820","16679","ssd spaghettinet edgetpu large","ssd-spaghettinet-edgetpu-large","architecture > ssd-spaghettinet-edgetpu-large","","0","0","0"
"16821","16679","swin transformer","swin-transformer","architecture > swin-transformer","","0","0","1"
"16822","16679","swivel","swivel","architecture > swivel","","0","0","0"
"16823","16679","tacotron 2","tacotron-2","architecture > tacotron-2","","1","0","0"
"16824","16679","transformer","transformer","architecture > transformer","","3","0","20"
"16825","16679","transformer in transformer","transformer-in-transformer","architecture > transformer-in-transformer","","0","0","0"
"16826","16679","transformer xl","transformer-xl","architecture > transformer-xl","","0","0","0"
"16827","16679","tridentnet","tridentnet","architecture > tridentnet","","0","0","0"
"16828","16679","tsm resnet50","tsm-resnet50","architecture > tsm-resnet50","","0","0","1"
"16829","16679","tsm resnet50x2","tsm-resnet50x2","architecture > tsm-resnet50x2","","0","0","0"
"16830","16679","tvn-1","tvn-1","architecture > tvn-1","","0","0","0"
"16831","16679","tvn-2","tvn-2","architecture > tvn-2","","0","0","0"
"16832","16679","tvn-3","tvn-3","architecture > tvn-3","","0","0","0"
"16833","16679","tvn-mobile-1","tvn-mobile-1","architecture > tvn-mobile-1","","0","0","0"
"16834","16679","ulmfit","ulmfit","architecture > ulmfit","","0","0","0"
"16835","16679","unet","unet","architecture > unet","","5","0","21"
"16836","16679","vae","vae","architecture > vae","","3","0","1"
"16837","16679","vgg-style","vgg-style","architecture > vgg-style","","0","0","13"
"16838","16679","videoflow","videoflow","architecture > videoflow","","0","0","1"
"16839","16679","vision transformer","vision-transformer","architecture > vision-transformer","","1","0","10"
"16840","16679","wae","wae","architecture > wae","","0","0","0"
"16841","16679","wav2vec2","wav2vec2","architecture > wav2vec2","","0","0","1"
"16842","16679","wide-resnet-40-8","wide-resnet-40-8","architecture > wide-resnet-40-8","","0","0","0"
"16843","16679","word2vec skip-gram","word2vec-skip-gram","architecture > word2vec-skip-gram","","4","0","5"
"16844","16679","wrn-106","wrn-106","architecture > wrn-106","","0","0","0"
"16845","16679","xcit","xcit","architecture > xcit","","0","0","0"
"16846","16679","yolo","yolo","architecture > yolo","","16","0","12"
"16847","16679","yolov5","yolov5","architecture > yolov5","","10","0","8"
"16848","16674","abkhazian","abkhazian","language > abkhazian","","0","0","0"
"16849","16674","afar","afar","language > afar","","0","0","0"
"16850","16674","afrikaans","afrikaans","language > afrikaans","","1","0","0"
"16851","16674","akan","akan","language > akan","","0","0","0"
"16852","16674","albanian","albanian","language > albanian","","0","0","0"
"16853","16674","amharic","amharic","language > amharic","","0","0","0"
"16854","16674","arabic","arabic","language > arabic","","8","0","10"
"16855","16674","aragonese","aragonese","language > aragonese","","0","0","0"
"16856","16674","armenian","armenian","language > armenian","","0","0","1"
"16857","16674","assamese","assamese","language > assamese","","0","0","0"
"16858","16674","avaric","avaric","language > avaric","","0","0","0"
"16859","16674","avestan","avestan","language > avestan","","0","0","0"
"16860","16674","aymara","aymara","language > aymara","","0","0","0"
"16861","16674","azerbaijani","azerbaijani","language > azerbaijani","","0","0","0"
"16862","16674","bambara","bambara","language > bambara","","0","0","0"
"16863","16674","bashkir","bashkir","language > bashkir","","0","0","0"
"16864","16674","basque","basque","language > basque","","0","0","0"
"16865","16674","belarusian","belarusian","language > belarusian","","2","0","1"
"16866","16674","bengali","bengali","language > bengali","","5","0","4"
"16867","16674","bislama","bislama","language > bislama","","0","0","0"
"16868","16674","bosnian","bosnian","language > bosnian","","0","0","0"
"16869","16674","breton","breton","language > breton","","0","0","0"
"16870","16674","bulgarian","bulgarian","language > bulgarian","","2","0","0"
"16871","16674","burmese","burmese","language > burmese","","0","0","0"
"16872","16674","catalan","catalan","language > catalan","","1","0","0"
"16873","16674","valencian","valencian","language > valencian","","0","0","0"
"16874","16674","chamorro","chamorro","language > chamorro","","0","0","0"
"16875","16674","chechen","chechen","language > chechen","","0","0","0"
"16876","16674","chichewa","chichewa","language > chichewa","","0","0","0"
"16877","16674","chewa","chewa","language > chewa","","0","0","0"
"16878","16674","nyanja","nyanja","language > nyanja","","0","0","0"
"16879","16674","chinese","chinese","language > chinese","","11","0","90"
"16880","16674","church slavic","church-slavic","language > church-slavic","","0","0","0"
"16881","16674","old bulgarian","old-bulgarian","language > old-bulgarian","","0","0","0"
"16882","16674","chuvash","chuvash","language > chuvash","","0","0","0"
"16883","16674","cornish","cornish","language > cornish","","0","0","0"
"16884","16674","corsican","corsican","language > corsican","","0","0","0"
"16885","16674","cree","cree","language > cree","","0","0","0"
"16886","16674","croatian","croatian","language > croatian","","1","0","0"
"16887","16674","czech","czech","language > czech","","0","0","0"
"16888","16674","danish","danish","language > danish","","0","0","0"
"16889","16674","divehi","divehi","language > divehi","","0","0","0"
"16890","16674","dhivehi","dhivehi","language > dhivehi","","0","0","0"
"16891","16674","maldivian","maldivian","language > maldivian","","0","0","0"
"16892","16674","dutch","dutch","language > dutch","","2","0","1"
"16893","16674","flemish","flemish","language > flemish","","0","0","0"
"16894","16674","dzongkha","dzongkha","language > dzongkha","","1","0","0"
"16895","16674","english","english","language > english","","339","0","119"
"16896","16674","esperanto","esperanto","language > esperanto","","0","0","0"
"16897","16674","estonian","estonian","language > estonian","","0","0","0"
"16898","16674","ewe","ewe","language > ewe","","0","0","0"
"16899","16674","faroese","faroese","language > faroese","","0","0","0"
"16900","16674","fijian","fijian","language > fijian","","0","0","0"
"16901","16674","finnish","finnish","language > finnish","","0","0","0"
"16902","16674","french","french","language > french","","11","0","4"
"16903","16674","western frisian","western-frisian","language > western-frisian","","0","0","0"
"16904","16674","fulah","fulah","language > fulah","","0","0","0"
"16905","16674","gaelic","gaelic","language > gaelic","","0","0","0"
"16906","16674","scottish gaelic","scottish-gaelic","language > scottish-gaelic","","0","0","0"
"16907","16674","galician","galician","language > galician","","0","0","0"
"16908","16674","ganda","ganda","language > ganda","","0","0","0"
"16909","16674","georgian","georgian","language > georgian","","1","0","0"
"16910","16674","german","german","language > german","","9","0","1"
"16911","16674","greek","greek","language > greek","","0","0","0"
"16912","16674","kalaallisut","kalaallisut","language > kalaallisut","","0","0","0"
"16913","16674","greenlandic","greenlandic","language > greenlandic","","0","0","0"
"16914","16674","guarani","guarani","language > guarani","","0","0","0"
"16915","16674","gujarati","gujarati","language > gujarati","","0","0","0"
"16916","16674","haitian","haitian","language > haitian","","0","0","0"
"16917","16674","haitian creole","haitian-creole","language > haitian-creole","","0","0","0"
"16918","16674","hausa","hausa","language > hausa","","0","0","0"
"16919","16674","hebrew","hebrew","language > hebrew","","1","0","0"
"16920","16674","herero","herero","language > herero","","0","0","0"
"16921","16674","hindi","hindi","language > hindi","","3","0","1"
"16922","16674","hiri motu","hiri-motu","language > hiri-motu","","0","0","0"
"16923","16674","hungarian","hungarian","language > hungarian","","1","0","2"
"16924","16674","icelandic","icelandic","language > icelandic","","0","0","0"
"16925","16674","ido","ido","language > ido","","0","0","0"
"16926","16674","igbo","igbo","language > igbo","","0","0","0"
"16927","16674","indonesian","indonesian","language > indonesian","","19","0","4"
"16928","16674","interlingua","interlingua","language > interlingua","","0","0","0"
"16929","16674","interlingue, occidental","interlingue-occidental","language > interlingue-occidental","","0","0","0"
"16930","16674","inuktitut","inuktitut","language > inuktitut","","0","0","0"
"16931","16674","inupiaq","inupiaq","language > inupiaq","","0","0","0"
"16932","16674","irish","irish","language > irish","","1","0","0"
"16933","16674","italian","italian","language > italian","","2","0","2"
"16934","16674","japanese","japanese","language > japanese","","23","0","9"
"16935","16674","javanese","javanese","language > javanese","","0","0","0"
"16936","16674","kannada","kannada","language > kannada","","0","0","1"
"16937","16674","kanuri","kanuri","language > kanuri","","0","0","0"
"16938","16674","kashmiri","kashmiri","language > kashmiri","","0","0","1"
"16939","16674","kazakh","kazakh","language > kazakh","","1","0","0"
"16940","16674","central khmer","central-khmer","language > central-khmer","","0","0","0"
"16941","16674","kikuyu","kikuyu","language > kikuyu","","0","0","0"
"16942","16674","gikuyu","gikuyu","language > gikuyu","","0","0","0"
"16943","16674","kinyarwanda","kinyarwanda","language > kinyarwanda","","0","0","0"
"16944","16674","kirghiz","kirghiz","language > kirghiz","","1","0","0"
"16945","16674","kyrgyz","kyrgyz","language > kyrgyz","","1","0","0"
"16946","16674","komi","komi","language > komi","","0","0","0"
"16947","16674","kongo","kongo","language > kongo","","0","0","0"
"16948","16674","korean","korean","language > korean","","3","0","6"
"16949","16674","kuanyama","kuanyama","language > kuanyama","","0","0","0"
"16950","16674","kwanyama","kwanyama","language > kwanyama","","0","0","0"
"16951","16674","kurdish","kurdish","language > kurdish","","2","0","1"
"16952","16674","lao","lao","language > lao","","0","0","0"
"16953","16674","latin","latin","language > latin","","1","0","0"
"16954","16674","latvian","latvian","language > latvian","","0","0","0"
"16955","16674","limburgan","limburgan","language > limburgan","","0","0","0"
"16956","16674","limburgish","limburgish","language > limburgish","","0","0","0"
"16957","16674","limburger","limburger","language > limburger","","0","0","0"
"16958","16674","lingala","lingala","language > lingala","","0","0","0"
"16959","16674","lithuanian","lithuanian","language > lithuanian","","0","0","0"
"16960","16674","luba-katanga","luba-katanga","language > luba-katanga","","0","0","0"
"16961","16674","luxembourgish","luxembourgish","language > luxembourgish","","1","0","0"
"16962","16674","letzeburgesch","letzeburgesch","language > letzeburgesch","","0","0","0"
"16963","16674","macedonian","macedonian","language > macedonian","","0","0","0"
"16964","16674","malagasy","malagasy","language > malagasy","","0","0","0"
"16965","16674","malay","malay","language > malay","","3","0","0"
"16966","16674","malayalam","malayalam","language > malayalam","","1","0","0"
"16967","16674","maltese","maltese","language > maltese","","0","0","0"
"16968","16674","manx","manx","language > manx","","0","0","0"
"16969","16674","maori","maori","language > maori","","0","0","0"
"16970","16674","marathi","marathi","language > marathi","","0","0","0"
"16971","16674","marshallese","marshallese","language > marshallese","","0","0","0"
"16972","16674","mongolian","mongolian","language > mongolian","","0","0","0"
"16973","16674","nauru","nauru","language > nauru","","0","0","0"
"16974","16674","navajo","navajo","language > navajo","","0","0","0"
"16975","16674","navaho","navaho","language > navaho","","0","0","0"
"16976","16674","north ndebele","north-ndebele","language > north-ndebele","","0","0","0"
"16977","16674","south ndebele","south-ndebele","language > south-ndebele","","0","0","0"
"16978","16674","ndonga","ndonga","language > ndonga","","0","0","0"
"16979","16674","nepali","nepali","language > nepali","","3","0","1"
"16980","16674","norwegian","norwegian","language > norwegian","","0","0","0"
"16981","16674","norwegian bokml","norwegian-bokml","language > norwegian-bokml","","0","0","0"
"16982","16674","norwegian nynorsk","norwegian-nynorsk","language > norwegian-nynorsk","","0","0","0"
"16983","16674","sichuan yi","sichuan-yi","language > sichuan-yi","","0","0","0"
"16984","16674","nuosu","nuosu","language > nuosu","","0","0","0"
"16985","16674","occitan","occitan","language > occitan","","0","0","0"
"16986","16674","ojibwa","ojibwa","language > ojibwa","","0","0","0"
"16987","16674","oriya","oriya","language > oriya","","0","0","0"
"16988","16674","oromo","oromo","language > oromo","","2","0","0"
"16989","16674","ossetian","ossetian","language > ossetian","","0","0","0"
"16990","16674","ossetic","ossetic","language > ossetic","","0","0","0"
"16991","16674","pali","pali","language > pali","","0","0","0"
"16992","16674","pashto, pushto","pashto-pushto","language > pashto-pushto","","0","0","0"
"16993","16674","persian","persian","language > persian","","8","0","0"
"16994","16674","polish","polish","language > polish","","1","0","0"
"16995","16674","portuguese","portuguese","language > portuguese","","17","0","27"
"16996","16674","punjabi","punjabi","language > punjabi","","0","0","0"
"16997","16674","panjabi","panjabi","language > panjabi","","0","0","0"
"16998","16674","quechua","quechua","language > quechua","","0","0","0"
"16999","16674","romanian","romanian","language > romanian","","0","0","1"
"17000","16674","moldovan","moldovan","language > moldovan","","0","0","0"
"17001","16674","moldavian","moldavian","language > moldavian","","0","0","0"
"17002","16674","romansh","romansh","language > romansh","","0","0","0"
"17003","16674","rundi","rundi","language > rundi","","0","0","0"
"17004","16674","russian","russian","language > russian","","16","0","10"
"17005","16674","northern sami","northern-sami","language > northern-sami","","0","0","0"
"17006","16674","samoan","samoan","language > samoan","","0","0","0"
"17007","16674","sango","sango","language > sango","","0","0","0"
"17008","16674","sanskrit","sanskrit","language > sanskrit","","1","0","0"
"17009","16674","sardinian","sardinian","language > sardinian","","0","0","0"
"17010","16674","serbian","serbian","language > serbian","","1","0","0"
"17011","16674","shona","shona","language > shona","","0","0","0"
"17012","16674","sindhi","sindhi","language > sindhi","","0","0","0"
"17013","16674","sinhala","sinhala","language > sinhala","","2","0","0"
"17014","16674","sinhalese","sinhalese","language > sinhalese","","1","0","0"
"17015","16674","slovak","slovak","language > slovak","","0","0","0"
"17016","16674","slovenian","slovenian","language > slovenian","","0","0","0"
"17017","16674","somali","somali","language > somali","","1","0","0"
"17018","16674","southern sotho","southern-sotho","language > southern-sotho","","0","0","0"
"17019","16674","spanish","spanish","language > spanish","","35","0","14"
"17020","16674","castilian","castilian","language > castilian","","0","0","0"
"17021","16674","sundanese","sundanese","language > sundanese","","0","0","0"
"17022","16674","swahili","swahili","language > swahili","","1","0","0"
"17023","16674","swati","swati","language > swati","","0","0","0"
"17024","16674","swedish","swedish","language > swedish","","0","0","0"
"17025","16674","tagalog","tagalog","language > tagalog","","1","0","0"
"17026","16674","tahitian","tahitian","language > tahitian","","0","0","0"
"17027","16674","tajik","tajik","language > tajik","","0","0","0"
"17028","16674","tamil","tamil","language > tamil","","1","0","0"
"17029","16674","tatar","tatar","language > tatar","","0","0","0"
"17030","16674","telugu","telugu","language > telugu","","1","0","0"
"17031","16674","thai","thai","language > thai","","1","0","0"
"17032","16674","tibetan","tibetan","language > tibetan","","0","0","0"
"17033","16674","tigrinya","tigrinya","language > tigrinya","","0","0","0"
"17034","16674","tonga","tonga","language > tonga","","0","0","0"
"17035","16674","tsonga","tsonga","language > tsonga","","0","0","0"
"17036","16674","tswana","tswana","language > tswana","","0","0","0"
"17037","16674","turkish","turkish","language > turkish","","32","0","14"
"17038","16674","turkmen","turkmen","language > turkmen","","0","0","0"
"17039","16674","twi","twi","language > twi","","0","0","0"
"17040","16674","uighur","uighur","language > uighur","","0","0","0"
"17041","16674","uyghur","uyghur","language > uyghur","","1","0","0"
"17042","16674","ukrainian","ukrainian","language > ukrainian","","7","0","2"
"17043","16674","urdu","urdu","language > urdu","","6","0","1"
"17044","16674","uzbek","uzbek","language > uzbek","","2","0","1"
"17045","16674","venda","venda","language > venda","","0","0","0"
"17046","16674","vietnamese","vietnamese","language > vietnamese","","10","0","2"
"17047","16674","volapk","volapk","language > volapk","","0","0","0"
"17048","16674","walloon","walloon","language > walloon","","0","0","0"
"17049","16674","welsh","welsh","language > welsh","","0","0","0"
"17050","16674","wolof","wolof","language > wolof","","0","0","0"
"17051","16674","xhosa","xhosa","language > xhosa","","0","0","0"
"17052","16674","yiddish","yiddish","language > yiddish","","0","0","0"
"17053","16674","yoruba","yoruba","language > yoruba","","0","0","0"
"17054","16674","zhuang","zhuang","language > zhuang","","0","0","0"
"17055","16674","chuang","chuang","language > chuang","","0","0","0"
"17056","16674","zulu","zulu","language > zulu","","0","0","0"
"17057","16674","chinese (taiwan)","chinese-taiwan","language > chinese-taiwan","","7","0","8"
"17058","16674","multilingual","multilingual","language > multilingual","","3","0","1"
"17059","16679","bit","bit","architecture > bit","","0","0","0"
"17060","16679","efficientnet","efficientnet","architecture > efficientnet","","0","0","6"
"17061","16679","hrnet-v2-w48","hrnet-v2-w48","architecture > hrnet-v2-w48","","0","0","0"
"17062","16679","maxim","maxim","architecture > maxim","","0","0","0"
"17063","16679","mobilevit","mobilevit","architecture > mobilevit","","0","0","0"
"17064","16679","mosaic","mosaic","architecture > mosaic","","0","0","0"
"17065","16679","multiple","multiple","architecture > multiple","","0","0","1"
"17066","16679","tnt","tnt","architecture > tnt","","0","0","0"
"17067","16679","video-swin-transformer","video-swin-transformer","architecture > video-swin-transformer","","0","0","0"
"17068","16679","vit","vit","architecture > vit","","0","0","4"
"17069","16673","aesthetic quality","aesthetic-quality","task > aesthetic-quality","","3","0","2"
"17070","16673","deblurring","deblurring","task > deblurring","","0","0","1"
"17071","16673","dehazing","dehazing","task > dehazing","","0","0","0"
"17072","16673","denoising","denoising","task > denoising","","5","0","2"
"17073","16673","frame interpolation","frame-interpolation","task > frame-interpolation","","1","0","1"
"17074","16673","object detection","object-detection","task > object-detection","","75","0","31"
"17075","16673","video classification","video-classification","task > video-classification","","11","1","3"
"17076","13200","data storytelling","data-storytelling","technique > data storytelling","","89","0","206"
"17077","16585","hugging face","hugging-face","packages > hugging face","","12","0","41"
"17078","16585","wandb","wandb","packages > wandb","","0","0","7"
"17079","16585","d3js","d3js","packages > d3js","","1","0","3"
"17080","16585","rapids","rapids-ai","packages > rapids","","0","0","0"
"17081","14100","multimodal","multimodal-data","data type > multimodal data","","27","0","19"
"17082","13200","knn","knn","technique > knn","","2","0","27"
"17083","16679","1x1 convolution","1x1-convolution","architecture > 1x1-convolution","","0","0","1"
"17084","16679","anti-alias downsampling","anti-alias-downsampling","architecture > anti-alias-downsampling","","0","0","0"
"17085","16679","attention dropout","attention-dropout","architecture > attention-dropout","","0","0","0"
"17086","16679","auxiliary classifier","auxiliary-classifier","architecture > auxiliary-classifier","","0","0","0"
"17087","16679","average pooling","average-pooling","architecture > average-pooling","","0","0","0"
"17088","16679","batch normalization","batch-normalization","architecture > batch-normalization","","0","0","2"
"17089","16679","blur pooling","blur-pooling","architecture > blur-pooling","","0","0","0"
"17090","16679","bottleneck residual block","bottleneck-residual-block","architecture > bottleneck-residual-block","","0","0","0"
"17091","16679","condconv","condconv","architecture > condconv","","0","0","0"
"17092","16679","convolution","convolution","architecture > convolution","","3","0","7"
"17093","16679","dla bottleneck residual block","dla-bottleneck-residual-block","architecture > dla-bottleneck-residual-block","","0","0","0"
"17094","16679","dla residual block","dla-residual-block","architecture > dla-residual-block","","0","0","0"
"17095","16679","dpn block","dpn-block","architecture > dpn-block","","0","0","0"
"17096","16679","dense block","dense-block","architecture > dense-block","","0","0","1"
"17097","16679","dense connections","dense-connections","architecture > dense-connections","","0","0","2"
"17098","16679","depthwise separable convolution","depthwise-separable-convolution","architecture > depthwise-separable-convolution","","0","0","0"
"17099","16679","dropout","dropout","architecture > dropout","","1","0","2"
"17100","16679","efficient channel attention","efficient-channel-attention","architecture > efficient-channel-attention","","0","0","0"
"17101","16679","fbnet block","fbnet-block","architecture > fbnet-block","","0","0","0"
"17102","16679","gelu","gelu","architecture > gelu","","0","0","0"
"17103","16679","global average pooling","global-average-pooling","architecture > global-average-pooling","","0","0","2"
"17104","16679","group normalization","group-normalization","architecture > group-normalization","","0","0","0"
"17105","16679","grouped convolution","grouped-convolution","architecture > grouped-convolution","","0","0","0"
"17106","16679","hard swish","hard-swish","architecture > hard-swish","","0","0","0"
"17107","16679","inplace-abn","inplace-abn","architecture > inplace-abn","","0","0","0"
"17108","16679","inception-a","inception-a","architecture > inception-a","","0","0","0"
"17109","16679","inception-b","inception-b","architecture > inception-b","","0","0","0"
"17110","16679","inception-c","inception-c","architecture > inception-c","","0","0","0"
"17111","16679","inception-resnet-v2-a","inception-resnet-v2-a","architecture > inception-resnet-v2-a","","0","0","0"
"17112","16679","inception-resnet-v2-b","inception-resnet-v2-b","architecture > inception-resnet-v2-b","","0","0","0"
"17113","16679","inception-resnet-v2-c","inception-resnet-v2-c","architecture > inception-resnet-v2-c","","0","0","0"
"17114","16679","inception-v3 module","inception-v3-module","architecture > inception-v3-module","","0","0","1"
"17115","16679","inverted residual block","inverted-residual-block","architecture > inverted-residual-block","","0","0","0"
"17116","16679","layer normalization","layer-normalization","architecture > layer-normalization","","0","0","0"
"17117","16679","leaky relu","leaky-relu","architecture > leaky-relu","","0","0","0"
"17118","16679","max pooling","max-pooling","architecture > max-pooling","","0","0","1"
"17119","16679","mish","mish","architecture > mish","","0","0","0"
"17120","16679","mixconv","mixconv","architecture > mixconv","","0","0","0"
"17121","16679","multi-head attention","multi-head-attention","architecture > multi-head-attention","","1","0","1"
"17122","16679","one-shot aggregation","one-shot-aggregation","architecture > one-shot-aggregation","","0","0","0"
"17123","16679","relu6","relu6","architecture > relu6","","0","0","0"
"17124","16679","relu","relu","architecture > relu","","0","0","2"
"17125","16679","reduction-a","reduction-a","architecture > reduction-a","","0","0","0"
"17126","16679","reduction-b","reduction-b","architecture > reduction-b","","0","0","0"
"17127","16679","res2next block","res2next-block","architecture > res2next-block","","0","0","0"
"17128","16679","res2net block","res2net-block","architecture > res2net-block","","0","0","0"
"17129","16679","resnext block","resnext-block","architecture > resnext-block","","0","0","0"
"17130","16679","residual block","residual-block","architecture > residual-block","","0","0","0"
"17131","16679","residual connection","residual-connection","architecture > residual-connection","","0","0","2"
"17132","16679","scaled dot-product attention","scaled-dot-product-attention","architecture > scaled-dot-product-attention","","0","0","0"
"17133","16679","selecsls block","selecsls-block","architecture > selecsls-block","","0","0","0"
"17134","16679","selective kernel","selective-kernel","architecture > selective-kernel","","0","0","0"
"17135","16679","softmax","softmax","architecture > softmax","","0","0","0"
"17136","16679","split attention","split-attention","architecture > split-attention","","0","0","0"
"17137","16679","squeeze-and-excitation block","squeeze-and-excitation-block","architecture > squeeze-and-excitation-block","","0","0","0"
"17138","16679","swish","swish","architecture > swish","","0","0","0"
"17139","16679","tanh activation","tanh-activation","architecture > tanh-activation","","0","0","0"
"17140","16679","weight standardization","weight-standardization","architecture > weight-standardization","","0","0","0"
"17141","16679","wide residual block","wide-residual-block","architecture > wide-residual-block","","0","0","0"
"17142","16673","image-to-text","image-to-text","task > image-to-text","","8","1","5"
